AOI,DATE_DOWNLOADED,FINAL_TABLE,INDICATOR_CATEGORY,METADATA,METRIC_DESCRIPTION,METRIC_NAME,METRIC_UNITS,SOURCE_NAME,SOURCE_URL,UUID,WEBTOOL_NAME,YEAR
"Cat, Ws","03-31-2016","AgriculturalNitrogen","Anthropogenic","https://edg.epa.gov/metadata/catalog/search/resource/details.page?uuid=799414E7-AE12-4785-B444-7786AE9D6487","Mean rate of biological nitrogen fixation from the cultivation of crops in kg N/ha/yr, within AOI","CBNF[AOI]","Kilogram/Hectar/Year","EnviroAtlas","http://enviroatlas.epa.gov/enviroatlas/Datafactsheets/pdf/ESN/CultivatedBiologicalNitrogenFixation.pdf","799414E7-AE12-4785-B444-7786AE9D6489","Cultivated Biological Nitrogen Fixation Mean Rate",
"Cat, Ws","03-17-2016","AgriculturalNitrogen","Anthropogenic","https://edg.epa.gov/metadata/catalog/search/resource/details.page?uuid=799414E7-AE12-4785-B444-7786AE9D6488","Mean rate of manure application to agricultural land from confined animal feeding operations in kg N/ha/yr, within AOI","Manure[AOI]","Kilogram/Hectare/Year","EnviroAtlas","http://enviroatlas.epa.gov/EnviroAtlas/DataFactSheets/pdf/ESN/ManureApplication.pdf","799414E7-AE12-4785-B444-7786AE9D6489","Mean Manure Application Rate",
"Cat, Ws","03-17-2016","AgriculturalNitrogen","Anthropogenic","https://edg.epa.gov/metadata/catalog/search/resource/details.page?uuid=799414E7-AE12-4785-B444-7786AE9D6489","Mean rate of synthetic nitrogen fertilizer application to agricultural land in kg N/ha/yr, within the AOI","Fert[AOI]","Kilogram/Hectar/Year","EnviroAtlas","https://enviroatlas.epa.gov/enviroatlas/DataFactSheets/pdf/ESN/Syntheticnitrogenfertilizerapplication.pdf","799414E7-AE12-4785-B444-7786AE9D6489","Synthetic Nitrogen Fertilizer Application Mean Rate",
"Cat, Ws","03-10-2016","BFI","Natural","https://edg.epa.gov/metadata/catalog/search/resource/details.page?uuid=F50445F4-99B8-46E7-BF1B-A75D3320E52A","Base flow is the component of streamflow that can be attributed to ground-water discharge into streams. The BFI is the ratio of base flow to total flow, expressed as a percentage, within AOI","BFI[AOI]","Percent","USGS Water Mission Area","http://water.usgs.gov/GIS/metadata/usgswrd/XML/bfi48grd.xml","F50445F4-99B8-46E7-BF1B-A75D3320E52A","Base Flow Index",
"Cat, Ws","01-17-2017","CanalDensity","Anthropogenic","https://edg.epa.gov/metadata/rest/document?id=e0398045-0643-492e-960c-d882b6519585","Density of NHDPlus line features classified as canal, ditch, or pipeline within the AOI (km/ square km)","CanalDens[AOI]","Kilometer/Square Kilometer","Falcone et al. 2010","https://esajournals.onlinelibrary.wiley.com/doi/abs/10.1890/09-0889.1","e0398045-0643-492e-960c-d882b6519585","Canal Density    ",
"Cat, Ws","02-24-2014","CoalMines","Anthropogenic","https://edg.epa.gov/metadata/rest/document?id=a440e12b-9875-4b88-b7af-f095c79f891b","Density of coal mines sites within AOI (mines/square km)","CoalMineDens[AOI]","Count/Square Kilometer","USGS NCRDS","https://ncrdspublic.er.usgs.gov/ncrds_data/","a440e12b-9875-4b88-b7af-f095c79f891b","Coal Mine Density",
"Cat, Ws","02-24-2014","Dams","Anthropogenic","https://edg.epa.gov/metadata/catalog/search/resource/details.page?uuid=52F2F469-AC5D-40B9-B1FD-0DFD8AC53B47","Density of georeferenced dams within AOI (dams/ square km)","DamDens[AOI]","Count/Square Kilometer","USGS NAWQA","ftp://ftpext.usgs.gov/pub/er/va/reston/NAWQA_ENS/GIS_DATA/dams/","52F2F469-AC5D-40B9-B1FD-0DFD8AC53B47","Dam Density",
"Cat, Ws","02-24-2014","Dams","Anthropogenic","https://edg.epa.gov/metadata/catalog/search/resource/details.page?uuid=52F2F469-AC5D-40B9-B1FD-0DFD8AC53B49","Volume all reservoirs (NORM_STORA in NID) per unit area of AOI (cubic meters/square km)","DamNrmStor[AOI]","Cubic Meters/Square Kilometer","USGS NAWQA","ftp://ftpext.usgs.gov/pub/er/va/reston/NAWQA_ENS/GIS_DATA/dams/","52F2F469-AC5D-40B9-B1FD-0DFD8AC53B47","Dam Resevoir Normal Volume",
"Cat, Ws","02-24-2014","Dams","Anthropogenic","https://edg.epa.gov/metadata/catalog/search/resource/details.page?uuid=52F2F469-AC5D-40B9-B1FD-0DFD8AC53B48","Volume all reservoirs (NID_STORA in NID) per unit area of AOI (cubic meters/square km)","DamNIDStor[AOI]","Cubic Meters/Square Kilometer","USGS NAWQA","ftp://ftpext.usgs.gov/pub/er/va/reston/NAWQA_ENS/GIS_DATA/dams/","52F2F469-AC5D-40B9-B1FD-0DFD8AC53B47","Dam Resevoir NID Volume",
"Cat, Ws","02-24-2014","Elevation","Natural","https://edg.epa.gov/metadata/catalog/search/resource/details.page?uuid=FD387D2B-CCD3-4D17-ACDE-A9A8426CA1CA","Mean AOI elevation (m)","Elev[AOI]","Meters","NHDPlusV2","https://nhdplus.com/NHDPlus/","FD387D2B-CCD3-4D17-ACDE-A9A8426CA1CA","Mean Elevation",
"Cat, Ws, CatRp100, WsRp100","12-14-2021","EPA_FRS","Anthropogenic","https://edg.epa.gov/metadata/catalog/search/resource/details.page?uuid=AEC40436-E5D1-4AD9-BFF4-0654966EC3BF","Density of permitted NPDES (National Pollutant Discharge Elimination System) sites within AOI (sites/square km)","NPDESDens[AOI]","Count/Square Kilometer","EPA FRS","https://www.epa.gov/frs/geospatial-data-download-service","AEC40436-E5D1-4AD9-BFF4-0654966EC3BF","NPDES Site Density",
"Cat, Ws, CatRp100, WsRp100","12-14-2021","EPA_FRS","Anthropogenic","https://edg.epa.gov/metadata/catalog/search/resource/details.page?uuid=AEC40436-E5D1-4AD9-BFF4-0654966EC3BF","Density of TRI (Toxic Release Inventory) sites within AOI (sites/square km)","TRIDens[AOI]","Count/Square Kilometer","EPA FRS","https://www.epa.gov/frs/geospatial-data-download-service","AEC40436-E5D1-4AD9-BFF4-0654966EC3BF","Toxic Release Inventory Site",
"Cat, Ws, CatRp100, WsRp100","12-14-2021","EPA_FRS","Anthropogenic","https://edg.epa.gov/metadata/catalog/search/resource/details.page?uuid=AEC40436-E5D1-4AD9-BFF4-0654966EC3BF","Density of Superfund sites within AOI (sites/square km)","SuperfundDens[AOI]","Count/Square Kilometer","EPA FRS","https://www.epa.gov/frs/geospatial-data-download-service","AEC40436-E5D1-4AD9-BFF4-0654966EC3BF","Superfund Site Density",
"Cat, Ws, CatRp100, WsRp100","11-07-2017","INACTIVE_FirePerimeters","Natural","https://edg.epa.gov/metadata/catalog/search/resource/details.page?uuid=7988E3BC-FD77-47F6-B098-77A686C55B7F","% Forest loss to fire (fire perimeter) within AOI","PctFire[Year][AOI]","Percent","USGS","https://data-nifc.opendata.arcgis.com/","7988E3BC-FD77-47F6-B098-77A686C55B7F","Forest Fire Loss","2001, 2002, 2003, 2004, 2005, 2006, 2007, 2008, 2009, 2010"
"Cat, Ws, CatRp100, WsRp100","11-03-2016","ForestLoss","Natural","https://edg.epa.gov/metadata/catalog/search/resource/details.page?uuid=F8BED808-A2F6-4F47-AB21-4E3C37F6D9C4","% Forest cover loss (Tree canopy cover change) within AOI","PctFrstLoss[Year][AOI]","Percent","University of Maryland","http://earthenginepartners.appspot.com/science-2013-global-forest/download_v1.1.html","F8BED808-A2F6-4F47-AB21-4E3C37F6D9C4","Forest Loss","2001, 2002, 2003, 2004, 2005, 2006, 2007, 2008, 2009, 2010, 2011, 2012, 2013"
"Cat, Ws","08-19-2016","GeoChemPhys1","Natural","https://edg.epa.gov/metadata/catalog/search/resource/details.page?uuid=DC063B04-19B9-4172-9D07-37B118DB935A","Mean % of lithological ferric oxide (Fe2O3) content in surface or near surface geology within AOI","Fe2O3[AOI]","Percent","USGS Sciencebase","https://www.sciencebase.gov/catalog/folder/53481333e4b06f6ce034aae7","DC063B04-19B9-4172-9D07-37B118DB935A","Mean Lithological Ferric Oxide",
"Cat, Ws","08-19-2016","GeoChemPhys1","Natural","https://edg.epa.gov/metadata/catalog/search/resource/details.page?uuid=DC063B04-19B9-4172-9D07-37B118DB935A","Mean % of lithological calcium oxide (CaO) content in surface or near surface geology within AOI","CaO[AOI]","Percent","USGS Sciencebase","https://www.sciencebase.gov/catalog/folder/53481333e4b06f6ce034aae7","DC063B04-19B9-4172-9D07-37B118DB935A","Mean Lithological Calcium Oxide",
"Cat, Ws","08-19-2016","GeoChemPhys1","Natural","https://edg.epa.gov/metadata/catalog/search/resource/details.page?uuid=DC063B04-19B9-4172-9D07-37B118DB935A","Mean % of lithological aluminum oxide (Al2O3) content in surface or near surface geology within AOI","Al2O3[AOI]","Percent","USGS Sciencebase","https://www.sciencebase.gov/catalog/folder/53481333e4b06f6ce034aae7","DC063B04-19B9-4172-9D07-37B118DB935A","Mean Lithological Aluminum Oxide",
"Cat, Ws","08-19-2016","GeoChemPhys1","Natural","https://edg.epa.gov/metadata/catalog/search/resource/details.page?uuid=DC063B04-19B9-4172-9D07-37B118DB935A","Mean % of lithological potassium oxide (K2O) content in surface or near surface geology within AOI","K2O[AOI]","Percent","USGS Sciencebase","https://www.sciencebase.gov/catalog/folder/53481333e4b06f6ce034aae7","DC063B04-19B9-4172-9D07-37B118DB935A","InorgNWetDep",
"Cat, Ws","08-19-2016","GeoChemPhys1","Natural","https://edg.epa.gov/metadata/catalog/search/resource/details.page?uuid=DC063B04-19B9-4172-9D07-37B118DB935A","Mean % of lithological magnesium oxide (MgO) content in surface or near surface geology within AOI","MgO[AOI]","Percent","USGS Sciencebase","https://www.sciencebase.gov/catalog/folder/53481333e4b06f6ce034aae7","DC063B04-19B9-4172-9D07-37B118DB935A","Mean Lithological Magnesium Oxide",
"Cat, Ws","08-19-2016","GeoChemPhys1","Natural","https://edg.epa.gov/metadata/catalog/search/resource/details.page?uuid=DC063B04-19B9-4172-9D07-37B118DB935A","Mean % of lithological sodium oxide (Na2O) content in surface or near surface geology within AOI","Na2O[AOI]","Percent","USGS Sciencebase","https://www.sciencebase.gov/catalog/folder/53481333e4b06f6ce034aae7","DC063B04-19B9-4172-9D07-37B118DB935A","Mean Lithological Sodium Oxide",
"Cat, Ws","08-19-2016","GeoChemPhys1","Natural","https://edg.epa.gov/metadata/catalog/search/resource/details.page?uuid=DC063B04-19B9-4172-9D07-37B118DB935A","Mean % of lithological phosphorous oxide (P2O5) content in surface or near surface geology within AOI","P2O5[AOI]","Percent","USGS Sciencebase","https://www.sciencebase.gov/catalog/folder/53481333e4b06f6ce034aae7","DC063B04-19B9-4172-9D07-37B118DB935A","Mean Lithological Phosphorous Oxide",
"Cat, Ws","08-19-2016","GeoChemPhys1","Natural","https://edg.epa.gov/metadata/catalog/search/resource/details.page?uuid=DC063B04-19B9-4172-9D07-37B118DB935A","Mean % of lithological sulfur (S) content in surface or near surface geology within AOI","S[AOI]","Percent","USGS Sciencebase","https://www.sciencebase.gov/catalog/folder/53481333e4b06f6ce034aae7","DC063B04-19B9-4172-9D07-37B118DB935A","Mean Lithological Sulfur",
"Cat, Ws","08-19-2016","GeoChemPhys1","Natural","https://edg.epa.gov/metadata/catalog/search/resource/details.page?uuid=DC063B04-19B9-4172-9D07-37B118DB935A","Mean % of lithological silicon dioxide (SiO2) content in surface or near surface geology within AOI","SiO2[AOI]","Percent","USGS Sciencebase","https://www.sciencebase.gov/catalog/folder/53481333e4b06f6ce034aae7","DC063B04-19B9-4172-9D07-37B118DB935A","Mean Lithological Silicon Dioxide",
"Cat, Ws","08-19-2016","GeoChemPhys2","Natural","https://edg.epa.gov/metadata/catalog/search/resource/details.page?uuid=DC063B04-19B9-4172-9D07-37B118DB935A","Mean % of lithological nitrogen (N) content in surface or near surface geology within AOI","N[AOI]","Percent","USGS Sciencebase","https://www.sciencebase.gov/catalog/folder/53481333e4b06f6ce034aae7","DC063B04-19B9-4172-9D07-37B118DB935A","Mean Lithological Nitrogen",
"Cat, Ws","08-19-2016","GeoChemPhys3","Natural","https://edg.epa.gov/metadata/catalog/search/resource/details.page?uuid=DC063B04-19B9-4172-9D07-37B118DB935A","Mean lithological hydraulic conductivity (micrometers per second) content in surface or near surface geology within AOI","HydrlCond[AOI]","Percent","USGS Sciencebase","https://www.sciencebase.gov/catalog/folder/53481333e4b06f6ce034aae7","DC063B04-19B9-4172-9D07-37B118DB935A","Mean Hydraulic Conductivity",
"Cat, Ws","08-19-2016","GeoChemPhys4","Natural","https://edg.epa.gov/metadata/catalog/search/resource/details.page?uuid=DC063B04-19B9-4172-9D07-37B118DB935A","Mean lithological uniaxial compressive strength (megaPascals) content in surface or near surface geology within AOI","CompStrgth[AOI]","Percent","USGS Sciencebase","https://www.sciencebase.gov/catalog/folder/53481333e4b06f6ce034aae7","DC063B04-19B9-4172-9D07-37B118DB935A","Mean Lithological Compressive Strength",
"Other","02-15-2020","ICI_IWI_v2.1","Anthropogenic","https://edg.epa.gov/metadata/catalog/search/resource/details.page?uuid=520397B1-342A-45EA-B8F9-B05694C0A194","Revised Index of catchment integrity (version 2.1) based on Johnson et al. 2018 STOTEN","ICI[AOI]","Unitless","Johnson et al. 2019","https://www.ncbi.nlm.nih.gov/pmc/articles/PMC6469687/","520397B1-342A-45EA-B8F9-B05694C0A194","ICI",
"Cat, Ws","02-15-2020","ICI_IWI_v2_1","Anthropogenic","https://edg.epa.gov/metadata/catalog/search/resource/details.page?uuid=520397B1-342A-45EA-B8F9-B05694C0A194","Revised index of regulation of water chemistry component score calculated using AOI metrics (version 2.1) based on Johnson et al. 2018 STOTEN","CHEM[AOI]","Unitless","Johnson et al. 2019","https://www.ncbi.nlm.nih.gov/pmc/articles/PMC6469687/","520397B1-342A-45EA-B8F9-B05694C0A194","CHEM",
"Other","02-15-2020","ICI_IWI_v2.1","Anthropogenic","https://edg.epa.gov/metadata/catalog/search/resource/details.page?uuid=520397B1-342A-45EA-B8F9-B05694C0A194","Revised Index of catchment integrity (version 2.1) based on Johnson et al. 2018 STOTEN","IWI[AOI]","Unitless","Johnson et al. 2019","https://www.ncbi.nlm.nih.gov/pmc/articles/PMC6469687/","520397B1-342A-45EA-B8F9-B05694C0A194","IWI",
"Cat, Ws","06-14-2016","Kffact","Anthropogenic","https://edg.epa.gov/metadata/catalog/search/resource/details.page?uuid=AA3ADCFD-0758-47FC-A069-31E95A116A3D","Mean of STATSGO Kffactor raster on agricultural land (NLCD 2006) within AOI. The Universal Soil Loss Equation (USLE) and represents a relative index of susceptibility of bare, cultivated soil to particle detachment and transport by rainfall","AgKffact[AOI]","Unitless","Penn State Soil Info","http://www.soilinfo.psu.edu/index.cgi?soil_data&conus&data_cov&k&methods","AA3ADCFD-0758-47FC-A069-31E95A116A3D","Ag Soil Erodibility Kf Factor",
"Cat, Ws","06-14-2016","Kffact","Anthropogenic","https://edg.epa.gov/metadata/catalog/search/resource/details.page?uuid=AA3ADCFD-0758-47FC-A069-31E95A116A3D","Mean of STATSGO Kffactor raster within AOI. The Universal Soil Loss Equation (USLE) and represents a relative index of susceptibility of bare, cultivated soil to particle detachment and transport by rainfall","Kffact[AOI]","Unitless","Penn State Soil Info","http://www.soilinfo.psu.edu/index.cgi?soil_data&conus&data_cov&k&methods","AA3ADCFD-0758-47FC-A069-31E95A116A3D","Mean Soil Erodibility KF Factor",
"Cat, Ws","02-09-2016","Lithology","Natural","https://edg.epa.gov/metadata/catalog/search/resource/details.page?uuid=70CB7CB9-A915-48F6-A3DE-BE62446A454E","% of AOI area classified as lithology type: alkaline intrusive volcanic rock","PctAlkIntruVol[AOI]","Percent","USGS","https://rmgsc.cr.usgs.gov/outgoing/ecosystems/USdata/","70CB7CB9-A915-48F6-A3DE-BE62446A454E","Alkaline Intrusive Volcanic Rock",
"Cat, Ws","02-09-2016","Lithology","Natural","https://edg.epa.gov/metadata/catalog/search/resource/details.page?uuid=70CB7CB9-A915-48F6-A3DE-BE62446A454E","% of AOI area classified as lithology type: water","PctWater[AOI]","Percent","USGS","https://rmgsc.cr.usgs.gov/ecosystems/dataviewer.shtml","70CB7CB9-A915-48F6-A3DE-BE62446A454E","Water",
"Cat, Ws","02-09-2016","Lithology","Natural","https://edg.epa.gov/metadata/catalog/search/resource/details.page?uuid=70CB7CB9-A915-48F6-A3DE-BE62446A454E","% of AOI area classified as lithology type: silicic residual material","PctSilicic[AOI]","Percent","USGS","https://rmgsc.cr.usgs.gov/outgoing/ecosystems/USdata/","70CB7CB9-A915-48F6-A3DE-BE62446A454E","Silicic Residual Material",
"Cat, Ws","02-09-2016","Lithology","Natural","https://edg.epa.gov/metadata/catalog/search/resource/details.page?uuid=70CB7CB9-A915-48F6-A3DE-BE62446A454E","% of AOI area classified as lithology type: saline like sediment","PctSalLake[AOI]","Percent","USGS","https://rmgsc.cr.usgs.gov/ecosystems/dataviewer.shtml","70CB7CB9-A915-48F6-A3DE-BE62446A454E","Saline Lake Sediment",
"Cat, Ws","02-09-2016","Lithology","Natural","https://edg.epa.gov/metadata/catalog/search/resource/details.page?uuid=70CB7CB9-A915-48F6-A3DE-BE62446A454E","% of AOI area classified as lithology type: non-carbonate residual material","PctNonCarbResid[AOI]","Percent","USGS","https://rmgsc.cr.usgs.gov/ecosystems/dataviewer.shtml","70CB7CB9-A915-48F6-A3DE-BE62446A454E","Non-Carbonate Residual Material",
"Cat, Ws","02-09-2016","Lithology","Natural","https://edg.epa.gov/metadata/catalog/search/resource/details.page?uuid=70CB7CB9-A915-48F6-A3DE-BE62446A454E","% of AOI area classified as lithology type: hydric, peat and muck","PctHydric[AOI]","Percent","USGS","https://rmgsc.cr.usgs.gov/ecosystems/dataviewer.shtml","70CB7CB9-A915-48F6-A3DE-BE62446A454E","Hydric, Peat & Muck",
"Cat, Ws","02-09-2016","Lithology","Natural","https://edg.epa.gov/metadata/catalog/search/resource/details.page?uuid=70CB7CB9-A915-48F6-A3DE-BE62446A454E","% of AOI area classified as lithology type: glacial till, loamy","PctGlacTilLoam[AOI]","Percent","USGS","https://rmgsc.cr.usgs.gov/ecosystems/dataviewer.shtml","70CB7CB9-A915-48F6-A3DE-BE62446A454E","Glacial Till, Loamy",
"Cat, Ws","02-09-2016","Lithology","Natural","https://edg.epa.gov/metadata/catalog/search/resource/details.page?uuid=70CB7CB9-A915-48F6-A3DE-BE62446A454E","% of AOI area classified as lithology type: glacial till, coarse-textured","PctGlacTilCrs[AOI]","Percent","USGS","https://rmgsc.cr.usgs.gov/ecosystems/dataviewer.shtml","70CB7CB9-A915-48F6-A3DE-BE62446A454E","Glacial Till, Coarse-Textured",
"Cat, Ws","02-09-2016","Lithology","Natural","https://edg.epa.gov/metadata/catalog/search/resource/details.page?uuid=70CB7CB9-A915-48F6-A3DE-BE62446A454E","% of AOI area classified as lithology type: glacial till, clayey","PctGlacTilClay[AOI]","Percent","USGS","https://rmgsc.cr.usgs.gov/ecosystems/dataviewer.shtml","70CB7CB9-A915-48F6-A3DE-BE62446A454E","Glacial Till, Clayey",
"Cat, Ws","02-09-2016","Lithology","Natural","https://edg.epa.gov/metadata/catalog/search/resource/details.page?uuid=70CB7CB9-A915-48F6-A3DE-BE62446A454E","% of AOI area classified as lithology type: glacial lake sediment, fine-textured","PctGlacLakeFine[AOI]","Percent","USGS","https://rmgsc.cr.usgs.gov/ecosystems/dataviewer.shtml","70CB7CB9-A915-48F6-A3DE-BE62446A454E","Glacial Outwash and Glacial Lake",
"Cat, Ws","02-09-2016","Lithology","Natural","https://edg.epa.gov/metadata/catalog/search/resource/details.page?uuid=70CB7CB9-A915-48F6-A3DE-BE62446A454E","% of AOI area classified as lithology type: glacial outwash and glacial lake sediment, coarse-textured","PctGlacLakeCrs[AOI]","Percent","USGS","https://rmgsc.cr.usgs.gov/ecosystems/dataviewer.shtml","70CB7CB9-A915-48F6-A3DE-BE62446A454E","Glacial Outwash and Glacial Lake Sediment",
"Cat, Ws","02-09-2016","Lithology","Natural","https://edg.epa.gov/metadata/catalog/search/resource/details.page?uuid=70CB7CB9-A915-48F6-A3DE-BE62446A454E","% of AOI area classified as lithology type: extrusive volcanic rock","PctExtruVol[AOI]","Percent","USGS","https://rmgsc.cr.usgs.gov/ecosystems/dataviewer.shtml","70CB7CB9-A915-48F6-A3DE-BE62446A454E","Extrusive Volcanic Rock",
"Cat, Ws","02-09-2016","Lithology","Natural","https://edg.epa.gov/metadata/catalog/search/resource/details.page?uuid=70CB7CB9-A915-48F6-A3DE-BE62446A454E","% of AOI area classified as lithology type: eolian sediment, fine-textured (glacial loess)","PctEolFine[AOI]","Percent","USGS","https://rmgsc.cr.usgs.gov/ecosystems/dataviewer.shtml","70CB7CB9-A915-48F6-A3DE-BE62446A454E","Eolian Sediment, Fine-Textured",
"Cat, Ws","02-09-2016","Lithology","Natural","https://edg.epa.gov/metadata/catalog/search/resource/details.page?uuid=70CB7CB9-A915-48F6-A3DE-BE62446A454E","% of AOI area classified as lithology type: eolian sediment, coarse-textured (sand dunes)","PctEolCrs[AOI]","Percent","USGS","https://rmgsc.cr.usgs.gov/ecosystems/dataviewer.shtml","70CB7CB9-A915-48F6-A3DE-BE62446A454E","Eolian Sediment, Coarse-Textured",
"Cat, Ws","02-09-2016","Lithology","Natural","https://edg.epa.gov/metadata/catalog/search/resource/details.page?uuid=70CB7CB9-A915-48F6-A3DE-BE62446A454E","% of AOI area classified as lithology type: colluvial sediment","PctColluvSed[AOI]","Percent","USGS","https://rmgsc.cr.usgs.gov/ecosystems/dataviewer.shtml","70CB7CB9-A915-48F6-A3DE-BE62446A454E","Colluvial Sediment",
"Cat, Ws","02-09-2016","Lithology","Natural","https://edg.epa.gov/metadata/catalog/search/resource/details.page?uuid=70CB7CB9-A915-48F6-A3DE-BE62446A454E","% of AOI area classified as lithology type: coastal zone sediment, coarse-textured","PctCoastCrs[AOI]","Percent","USGS","https://rmgsc.cr.usgs.gov/outgoing/ecosystems/USdata/","70CB7CB9-A915-48F6-A3DE-BE62446A454E","Coastal Zone Sediment, Coarse-Textured",
"Cat, Ws","02-09-2016","Lithology","Natural","https://edg.epa.gov/metadata/catalog/search/resource/details.page?uuid=70CB7CB9-A915-48F6-A3DE-BE62446A454E","% of AOI area classified as lithology type: carbonate residual material","PctCarbResid[AOI]","Percent","USGS","https://rmgsc.cr.usgs.gov/outgoing/ecosystems/USdata/","70CB7CB9-A915-48F6-A3DE-BE62446A454E","Carbonate Residual Material",
"Cat, Ws","02-09-2016","Lithology","Natural","https://edg.epa.gov/metadata/catalog/search/resource/details.page?uuid=70CB7CB9-A915-48F6-A3DE-BE62446A454E","% of AOI area classified as lithology type: alluvium and fine-textured coastal zone sediment","PctAlluvCoast[AOI]","Percent","USGS","https://rmgsc.cr.usgs.gov/outgoing/ecosystems/USdata/","70CB7CB9-A915-48F6-A3DE-BE62446A454E","Alluvium & Fine-Textured Coastal Zone Sediment",
"Cat, Ws, CatRp100, WsRp100","02-24-2014","Mines","Anthropogenic","https://edg.epa.gov/metadata/rest/document?id=79e843a5-dd98-41c1-9dd6-914706b75a48","Density of mines sites within AOI (mines/square km)","MineDens[AOI]","Count/Square Kilometer","USGS","http://tin.er.usgs.gov/mineplant/","79e843a5-dd98-41c1-9dd6-914706b75a48","Mine Density",
"Cat, Ws","12-06-2018","NABD","Anthropogenic","https://edg.epa.gov/metadata/catalog/search/resource/details.page?uuid=8A4F8423-0D37-4F28-938A-E5522BFEAA96","Density of georeferenced dams within AOI (dams/ square km)","NABD_Dens[AOI]","Count/Square Kilometer","USGS Sciencebase","https://www.sciencebase.gov/catalog/item/512cf142e4b0855fde669828","8A4F8423-0D37-4F28-938A-E5522BFEAA96","NABD Dam Density",
"Cat, Ws","12-06-2018","NABD","Anthropogenic","https://edg.epa.gov/metadata/catalog/search/resource/details.page?uuid=8A4F8423-0D37-4F28-938A-E5522BFEAA98","Volume all reservoirs (NORM_STORA in NID) per unit area of AOI (cubic meters/square km)","NABD_NrmStor[AOI]","Cubic Meters/Square Kilometer","USGS Sciencebase","https://www.sciencebase.gov/catalog/item/512cf142e4b0855fde669828","8A4F8423-0D37-4F28-938A-E5522BFEAA96","NABD Normal Reservoir Volume",
"Cat, Ws","12-06-2018","NABD","Anthropogenic","https://edg.epa.gov/metadata/catalog/search/resource/details.page?uuid=8A4F8423-0D37-4F28-938A-E5522BFEAA97","Volume all reservoirs (NID_STORA in NID) per unit area of AOI (cubic meters/square km)","NABD_NIDStor[AOI]","Cubic Meters/Square Kilometer","USGS Sciencebase","https://www.sciencebase.gov/catalog/item/512cf142e4b0855fde669828","8A4F8423-0D37-4F28-938A-E5522BFEAA96","NABD NID Reservoir Volume",
"Cat, Ws","03-11-2016","NADP","Natural","https://edg.epa.gov/metadata/catalog/search/resource/details.page?uuid=49DA91A5-0D29-41E4-96BD-93987FF85981","Annual gradient map of precipitation-weighted mean deposition for inorganic nitrogen wet deposition from nitrate and ammonium for 2008 in kg of N/ha/yr, within AOI","InorgNWetDep[Year][AOI]","Kilogram/Hectare/Year","NADP","https://nadp.slh.wisc.edu/maps-data/ntn-gradient-maps/","49DA91A5-0D29-41E4-96BD-93987FF85979","Mean Annual Precipitation-Weighted Nitrogen",2008
"Cat, Ws","03-11-2016","NADP","Natural","https://edg.epa.gov/metadata/catalog/search/resource/details.page?uuid=49DA91A5-0D29-41E4-96BD-93987FF85979","Annual gradient map of precipitation-weighted mean deposition for average sulfur & nitrogen wet deposition for 2008 in kg of S+N/ha/yr, within AOI","SN[Year][AOI]","Kilogram/Hectare/Year","NADP","https://nadp.slh.wisc.edu/maps-data/ntn-gradient-maps/","49DA91A5-0D29-41E4-96BD-93987FF85979","Annual Mean Sulfur and Nitrogen Wet Deposition",2008
"Cat, Ws","03-11-2016","NADP","Natural","https://edg.epa.gov/metadata/catalog/search/resource/details.page?uuid=49DA91A5-0D29-41E4-96BD-93987FF85982","Annual gradient map of precipitation-weighted mean deposition for nitrate ion concentration wet deposition for 2008 in kg of NO3/ha/yr, within AOI","NO3[Year][AOI]","Kilogram/Hectare/Year","NADP","https://nadp.slh.wisc.edu/maps-data/ntn-gradient-maps/","49DA91A5-0D29-41E4-96BD-93987FF85979","Mean Annual Precipitation-Weighted NO3 Mean",2008
"Cat, Ws","03-11-2016","NADP","Natural","https://edg.epa.gov/metadata/catalog/search/resource/details.page?uuid=49DA91A5-0D29-41E4-96BD-93987FF85980","Annual gradient map of precipitation-weighted mean deposition for ammonium ion concentration wet deposition for 2008 in kg of NH4/ha/yr, within AOI","NH4[Year][AOI]","Kilogram/Hectare/Year","NADP","https://nadp.slh.wisc.edu/maps-data/ntn-gradient-maps/","49DA91A5-0D29-41E4-96BD-93987FF85979","Mean annual Precipitation-Weighted NH4 Mean",2008
"Cat, Ws, CatRp100, WsRp100","08-06-2021","NLCD","Natural","https://edg.epa.gov/metadata/rest/document?id=65264DD6-6227-4732-8162-3E4F194C4913","% of AOI area classified as barren land cover (NLCD class 31)","PctBl[Year][AOI]","Percent","NLCD","https://www.mrlc.gov/data","65264DD6-6227-4732-8162-3E4F194C4913","Bedrock and Similar Earthen Material Percentage","2001, 2004, 2006, 2008, 2011, 2013, 2016, 2019"
"Cat, Ws, CatRp100, WsRp100","08-06-2021","NLCD","Natural","https://edg.epa.gov/metadata/rest/document?id=65264DD6-6227-4732-8162-3E4F194C4913","% of AOI area classified as woody wetland land cover (NLCD class 90)","PctWdWet[Year][AOI]","Percent","NLCD","https://www.mrlc.gov/data","65264DD6-6227-4732-8162-3E4F194C4913","Woody Wetland Percentage","2001, 2004, 2006, 2008, 2011, 2013, 2016, 2019"
"Cat, Ws, CatRp100, WsRp100","08-06-2021","NLCD","Anthropogenic","https://edg.epa.gov/metadata/rest/document?id=65264DD6-6227-4732-8162-3E4F194C4913","% of AOI area classified as developed, open space land use (NLCD class 21)","PctUrbOp[Year][AOI]","Percent","NLCD","https://www.mrlc.gov/data","65264DD6-6227-4732-8162-3E4F194C4913","Developed, Open Space Land Use Percentage","2001, 2004, 2006, 2008, 2011, 2013, 2016, 2019"
"Cat, Ws, CatRp100, WsRp100","08-06-2021","NLCD","Anthropogenic","https://edg.epa.gov/metadata/rest/document?id=65264DD6-6227-4732-8162-3E4F194C4913","% of AOI area classified as developed, medium-intensity land use (NLCD class 23)","PctUrbMd[Year][AOI]","Percent","NLCD","https://www.mrlc.gov/data","65264DD6-6227-4732-8162-3E4F194C4913","Developed, Medium Intensity Land Use Percentage","2001, 2004, 2006, 2008, 2011, 2013, 2016, 2019"
"Cat, Ws, CatRp100, WsRp100","08-06-2021","NLCD","Anthropogenic","https://edg.epa.gov/metadata/rest/document?id=65264DD6-6227-4732-8162-3E4F194C4913","% of AOI area classified as developed, low-intensity land use (NLCD class 22)","PctUrbLo[Year][AOI]","Percent","NLCD","https://www.mrlc.gov/data","65264DD6-6227-4732-8162-3E4F194C4913","Developed, Low Intensity Land Use Percentage","2001, 2004, 2006, 2008, 2011, 2013, 2016, 2019"
"Cat, Ws, CatRp100, WsRp100","08-06-2021","NLCD","Anthropogenic","https://edg.epa.gov/metadata/rest/document?id=65264DD6-6227-4732-8162-3E4F194C4913","% of AOI area classified as developed, high-intensity land use (NLCD class 24)","PctUrbHi[Year][AOI]","Percent","NLCD","https://www.mrlc.gov/data","65264DD6-6227-4732-8162-3E4F194C4913","Developed, High Intensity Land Use Percentage","2001, 2004, 2006, 2008, 2011, 2013, 2016, 2019"
"Cat, Ws, CatRp100, WsRp100","08-06-2021","NLCD","Natural","https://edg.epa.gov/metadata/rest/document?id=65264DD6-6227-4732-8162-3E4F194C4913","% of AOI area classified as shrub/scrub land cover (NLCD class 52)","PctShrb[Year][AOI]","Percent","NLCD","https://www.mrlc.gov/data","65264DD6-6227-4732-8162-3E4F194C4913","Shrub/Scrub Percentage","2001, 2004, 2006, 2008, 2011, 2013, 2016, 2019"
"Cat, Ws, CatRp100, WsRp100","08-06-2021","NLCD","Natural","https://edg.epa.gov/metadata/rest/document?id=65264DD6-6227-4732-8162-3E4F194C4913","% of AOI area classified as open water land cover (NLCD class 11)","PctOw[Year][AOI]","Percent","NLCD","https://www.mrlc.gov/data","65264DD6-6227-4732-8162-3E4F194C4913","Open Water Percentage","2001, 2004, 2006, 2008, 2011, 2013, 2016, 2019"
"Cat, Ws, CatRp100, WsRp100","08-06-2021","NLCD","Natural","https://edg.epa.gov/metadata/rest/document?id=65264DD6-6227-4732-8162-3E4F194C4913","% of AOI area classified as mixed deciduous/evergreen forest land cover (NLCD class 43)","PctMxFst[Year][AOI]","Percent","NLCD","https://www.mrlc.gov/data","65264DD6-6227-4732-8162-3E4F194C4913","Mixed Deciduous/Evergreen Forest Percentage","2001, 2004, 2006, 2008, 2011, 2013, 2016, 2019"
"Cat, Ws, CatRp100, WsRp100","08-06-2021","NLCD","Natural","https://edg.epa.gov/metadata/rest/document?id=65264DD6-6227-4732-8162-3E4F194C4913","% of AOI area classified as ice/snow land cover (NLCD class 12)","PctIce[Year][AOI]","Percent","NLCD","https://www.mrlc.gov/data","65264DD6-6227-4732-8162-3E4F194C4913","Ice/Snow Cover Percentage","2001, 2004, 2006, 2008, 2011, 2013, 2016, 2019"
"Cat, Ws, CatRp100, WsRp100","08-06-2021","NLCD","Natural","https://edg.epa.gov/metadata/rest/document?id=65264DD6-6227-4732-8162-3E4F194C4913","% of AOI area classified as herbaceous wetland land cover (NLCD class 95)","PctHbWet[Year][AOI]","Percent","NLCD","https://www.mrlc.gov/data","65264DD6-6227-4732-8162-3E4F194C4913","Herbaceous Wetland Percentage","2001, 2004, 2006, 2008, 2011, 2013, 2016, 2019"
"Cat, Ws, CatRp100, WsRp100","08-06-2021","NLCD","Anthropogenic","https://edg.epa.gov/metadata/rest/document?id=65264DD6-6227-4732-8162-3E4F194C4913","% of AOI area classified as hay land use (NLCD class 81)","PctHay[Year][AOI]","Percent","NLCD","https://www.mrlc.gov/data","65264DD6-6227-4732-8162-3E4F194C4913","Pasture/Hay Percentage","2001, 2004, 2006, 2008, 2011, 2013, 2016, 2019"
"Cat, Ws, CatRp100, WsRp100","08-06-2021","NLCD","Natural","https://edg.epa.gov/metadata/rest/document?id=65264DD6-6227-4732-8162-3E4F194C4913","% of AOI area classified as grassland/herbaceous land cover (NLCD class 71)","PctGrs[Year][AOI]","Percent","NLCD","https://www.mrlc.gov/data","65264DD6-6227-4732-8162-3E4F194C4913","Grassland/Herbaceous Percentage","2001, 2004, 2006, 2008, 2011, 2013, 2016, 2019"
"Cat, Ws, CatRp100, WsRp100","08-06-2021","NLCD","Natural","https://edg.epa.gov/metadata/rest/document?id=65264DD6-6227-4732-8162-3E4F194C4913","% of AOI area classified as deciduous forest land cover (NLCD class 41)","PctDecid[Year][AOI]","Percent","NLCD","https://www.mrlc.gov/data","65264DD6-6227-4732-8162-3E4F194C4913","Deciduous Forest Percentage","2001, 2004, 2006, 2008, 2011, 2013, 2016, 2019"
"Cat, Ws, CatRp100, WsRp100","08-06-2021","NLCD","Anthropogenic","https://edg.epa.gov/metadata/rest/document?id=65264DD6-6227-4732-8162-3E4F194C4913","% of AOI area classified as crop land use (NLCD class 82)","PctCrop[Year][AOI]","Percent","NLCD","https://www.mrlc.gov/data","65264DD6-6227-4732-8162-3E4F194C4913","Row Crop Percentage","2001, 2004, 2006, 2008, 2011, 2013, 2016, 2019"
"Cat, Ws, CatRp100, WsRp100","08-06-2021","NLCD","Natural","https://edg.epa.gov/metadata/rest/document?id=65264DD6-6227-4732-8162-3E4F194C4913","% of AOI area classified as evergreen forest land cover (NLCD class 42)","PctConif[Year][AOI]","Percent","NLCD","https://www.mrlc.gov/data","65264DD6-6227-4732-8162-3E4F194C4913","Evergreen Forest Percentage","2001, 2004, 2006, 2008, 2011, 2013, 2016, 2019"
"Cat, Ws, CatRp100, WsRp100","03-08-2016","NonAgIntrodManagVeg","Natural","https://edg.epa.gov/metadata/catalog/search/resource/details.page?uuid=B995906F-9B18-4B1F-B0D1-D13122A80C85","% Nonagriculture nonnative introduced or managed vegetation landcover type reclassed from LANDFIRE Existing Vegetation Type (EVT), within AOI","PctNonAgIntrodManagVeg[AOI]","Percent","Landfire","https://www.landfire.gov/vegetation.php","B995906F-9B18-4B1F-B0D1-D13122A80C85","Nonnative Vegetation Landcover",
"Other","09-04-2017","NRSA_PredictedBioCondition","Natural","https://edg.epa.gov/metadata/catalog/search/resource/details.page?uuid=347BAA74-DA58-4F3D-BD51-7A424CAA8EBD","Predicted probability that a stream segment is in good biological condition based on a random forest model of the NRSA benthic invertebrate multimetric index (BMMI)","prG_BMMI[Year]","Percent","Hill et al. 2017","https://www.ncbi.nlm.nih.gov/pmc/articles/PMC5796808/","347BAA74-DA58-4F3D-BD51-7A424CAA8EBD","NRSA BMMI Good Biological Condition","2008, 2009"
"Cat, Ws","09-19-2013","INACTIVE_Pesticides97","Anthropogenic","https://edg.epa.gov/metadata/catalog/search/resource/details.page?uuid=FF4DC154-0BEE-4818-8417-331705B40A12","Mean pesticide use (kg/km2) in yr. 1997 within AOI.","Pestic97[AOI]","Percent","USGS Water Mission Area","http://water.usgs.gov/GIS/metadata/usgswrd/XML/agpest97grd.xml","FF4DC154-0BEE-4818-8417-331705B40A12","Mean Pesticide Use",1997
"Cat, Ws","08-03-2015","Pesticides97","Anthropogenic","https://edg.epa.gov/metadata/catalog/search/resource/details.page?uuid=7D1FE157-43CD-4AA6-A1D3-37B4FC41065A","Mean pesticide use (kg/km2) in yr. 1997 within AOI","Pestic[Year][AOI]","Kilogram/Square Kilometer","USGS Water Mission Area","http://water.usgs.gov/GIS/metadata/usgswrd/XML/agpest97grd.xml","7D1FE157-43CD-4AA6-A1D3-37B4FC41065A","Mean Pesticide Use",1997
"Cat, Ws","08-06-2015","PRISM_0809","Natural","https://edg.epa.gov/metadata/catalog/search/resource/details.page?uuid=C1AED92E-568B-47C6-9B51-272462155A76","PRISM climate data - 30-year normal mean precipitation (mm): Annual period: 2008 and 2009 within the AOI","Precip[Year][AOI]","Millimeters","PRISM","http://prism.oregonstate.edu","C1AED92E-568B-47C6-9B51-272462155A76","Mean Precipitation","2008, 2009"
"Cat, Ws",,"INACTIVE_PRISM_0809","Natural","https://edg.epa.gov/metadata/catalog/search/resource/details.page?uuid=C1AED92E-568B-47C6-9B51-272462155A76","PRISM climate data - Mean temperature (°C) within the AOI. Period: 2008 and 2009","Tmean[Year][AOI]","Celsius","PRISM","http://prism.oregonstate.edu","C1AED92E-568B-47C6-9B51-272462155A76","Mean Air Temperature","2008, 2009"
"Cat, Ws","09-12-2013","PRISM_1981_2010","Natural","https://edg.epa.gov/metadata/catalog/search/resource/details.page?uuid=CE7978C6-6F61-4643-9BAB-695FA4478364","PRISM climate data - 30-year normal mean precipitation (mm): Annual period: 1981-2010 within AOI","Precip8110[AOI]","Millimeters","PRISM","http://prism.oregonstate.edu","CE7978C6-6F61-4643-9BAB-695FA4478364","30-year Mean Annual Precipitation",
"Cat, Ws","09-12-2013","PRISM_1981_2010","Natural","https://edg.epa.gov/metadata/catalog/search/resource/details.page?uuid=C1AED92E-568B-47C6-9B51-272462155A76","PRISM climate data - 30-year normal minimum temperature (CÂ°): Annual period: 1981-2010 within the AOI","Tmin8110[AOI]","Celsius","PRISM","http://prism.oregonstate.edu","C1AED92E-568B-47C6-9B51-272462155A76","30-year Average Annual Normal Minimum Air Temperature","1981-2010"
"Cat, Ws","09-12-2013","PRISM_1981_2010","Natural","https://edg.epa.gov/metadata/catalog/search/resource/details.page?uuid=C1AED92E-568B-47C6-9B51-272462155A76","PRISM climate data - 30-year normal mean temperature (CÂ°): Annual period: 1981-2010 within the AOI","Tmean8110[AOI]","Celsius","PRISM","http://prism.oregonstate.edu","C1AED92E-568B-47C6-9B51-272462155A76","30-year Mean Annual Air Temperature","1981-2010"
"Cat, Ws","09-12-2013","PRISM_1981_2010","Natural","https://edg.epa.gov/metadata/catalog/search/resource/details.page?uuid=C1AED92E-568B-47C6-9B51-272462155A76","PRISM climate data - 30-year normal maximum temperature (CÂ°): Annual period: 1981-2010 within the AOI","Tmax8110[AOI]","Celsius","PRISM","http://prism.oregonstate.edu","C1AED92E-568B-47C6-9B51-272462155A76","30-year Average Annual Normal Maximum Air Temperature","1981-2010"
"Other","10-12-2015","RefStreamTempPred","Natural","https://edg.epa.gov/metadata/catalog/search/resource/details.page?uuid=B93A5967-949A-4075-AA3D-EA60105D2E86","Predicted mean annual stream temperature (Jan-Dec) for year 2008, 2009, 2013, 2014","MAST[Year]","Celsius","Hill et al. 2013","https://www.jstor.org/stable/10.1086/fresscie.32.issue-1","B93A5967-949A-4075-AA3D-EA60105D2E86","Mean Annual Stream Temp","2008, 2009, 2013, 2014"
"Other","10-12-2015","RefStreamTempPred","Natural","https://edg.epa.gov/metadata/catalog/search/resource/details.page?uuid=B93A5967-949A-4075-AA3D-EA60105D2E86","Predicted mean winter stream temperature (Jan-Feb) for year 2008, 2009, 2013, 2014","MWST[Year]","Percent","Hill et al. 2013","https://www.jstor.org/stable/10.1086/fresscie.32.issue-1","B93A5967-949A-4075-AA3D-EA60105D2E86","Mean Winter Stream Temp","2008, 2009, 2013, 2014"
"Other","10-12-2015","RefStreamTempPred","Natural","https://edg.epa.gov/metadata/catalog/search/resource/details.page?uuid=B93A5967-949A-4075-AA3D-EA60105D2E86","Predicted mean summer stream temperature (July-Aug) for years 2008, 2009, 2013, 2014","MSST[Year]","Celsius","Hill et al. 2013","https://www.jstor.org/stable/10.1086/fresscie.32.issue-1","B93A5967-949A-4075-AA3D-EA60105D2E86","Mean Summer Stream Temp","2008, 2009, 2013, 2014"
"Cat, Ws, CatRp100, WsRp100","03-06-2014","RoadDensity","Anthropogenic","https://edg.epa.gov/metadata/catalog/search/resource/details.page?uuid=20AC52F2-251B-49F7-8328-2FC8EA6FE18B","Density of roads (2010 Census Tiger Lines) within AOI (km/square km)","RdDens[Year][AOI]","Percent","US Census","ftp://ftp2.census.gov/geo/pvs/tiger2010st/","20AC52F2-251B-49F7-8328-2FC8EA6FE18B","Mean Road Density",2010
"Cat, Ws",,"INACTIVE_RoadDensity","Anthropogenic","https://edg.epa.gov/metadata/catalog/search/resource/details.page?uuid=D3FDB46C-9EF8-4848-AE53-495DB3F058A9","Density of roads (2010 Census Tiger Lines) within AOI (km/square km)","RdDens[AOI]","Kilometer/Square Kilometer","US Census","ftp://ftp2.census.gov/geo/pvs/tiger2010st/","D3FDB46C-9EF8-4848-AE53-495DB3F058A9","Mean Road Density",
"Cat, Ws","01-27-2014","RoadStreamCrossings","Anthropogenic","https://edg.epa.gov/metadata/catalog/search/resource/details.page?uuid=FBBEB21F-62C9-4ECA-BE95-EC3F387CE584","Density of roads-stream intersections (2010 Census Tiger Lines-NHD stream lines) multiplied by NHDPlusV21 slope within AOI (crossings*slope/square km)","RdCrsSlpWtd[AOI]","Weighted Count/Square Kilometer","Carlisle et al. 2019","https://link.springer.com/article/10.1007/s10661-008-0256-z","FBBEB21F-62C9-4ECA-BE95-EC3F387CE584","Road and Stream Intersection x NHD Slope",
"Cat, Ws","02-16-2016","RoadStreamCrossings","Anthropogenic","https://edg.epa.gov/metadata/catalog/search/resource/details.page?uuid=BFB01111-7676-4E96-B9BD-7DC4E5A3168B","Density of roads-stream intersections (2010 Census Tiger Lines-NHD stream lines) within AOI (crossings/square km)","RdCrs[AOI]","Count/Square Kilometer","Carlisle et al. 2019","https://link.springer.com/article/10.1007/s10661-008-0256-z","BFB01111-7676-4E96-B9BD-7DC4E5A3168B","Road and Stream Intersection Density",
"Cat, Ws","02-24-2014","Runoff","Natural","https://edg.epa.gov/metadata/catalog/search/resource/details.page?uuid=15669D84-E7E5-4E53-9FC3-0E022B6F40C0","Mean runoff (mm) within AOI","Runoff[AOI]","Millimeters","McCabe GJ & Wolock DM (2011)","https://agupubs.onlinelibrary.wiley.com/doi/full/10.1029/2011WR010630","15669D84-E7E5-4E53-9FC3-0E022B6F40C0","Mean Runoff",
"Cat, Ws","03-11-2016","STATSGO_Set1","Natural","https://edg.epa.gov/metadata/catalog/search/resource/details.page?uuid=AA3ADCFD-0758-47FC-A069-31E95A116A3D","Mean % sand content of soils (STATSGO) within AOI ","Sand[AOI]","Percent","Carlisle et al. 2009","https://link.springer.com/article/10.1007/s10661-008-0256-z","AA3ADCFD-0758-47FC-A069-31E95A116A3D","Mean Sand Content",
"Cat, Ws","01-15-2016","STATSGO_Set1","Natural","https://edg.epa.gov/metadata/catalog/search/resource/details.page?uuid=AA3ADCFD-0758-47FC-A069-31E95A116A3D","Mean % clay content of soils (STATSGO) within AOI ","Clay[AOI]","Percent","Carlisle et al. 2009","https://link.springer.com/article/10.1007/s10661-008-0256-z","AA3ADCFD-0758-47FC-A069-31E95A116A3D","Clay Mean",
"Cat, Ws","08-10-2015","STATSGO_Set2","Natural","https://edg.epa.gov/metadata/catalog/search/resource/details.page?uuid=AA3ADCFD-0758-47FC-A069-31E95A116A3D","Mean organic matter content (% by weight) of soils (STATSGO) within AOI ","Om[AOI]","Percent","Carlisle et al. 2009","https://link.springer.com/article/10.1007/s10661-008-0256-z","AA3ADCFD-0758-47FC-A069-31E95A116A3D","Organic Matter Mean",
"Cat, Ws","01-06-2014","STATSGO_Set2","Natural",0,"Mean depth (cm) to bedrock of soils (STATSGO) within AOI.","RckDep[AOI]","Percent","Carlisle et al. 2009","https://link.springer.com/article/10.1007/s10661-008-0256-z","EBB945ED-0151-4DBF-8FE0-806165A58973","Mean Bedrock Depth",
"Cat, Ws","01-15-2016","STATSGO_Set2","Natural","https://edg.epa.gov/metadata/catalog/search/resource/details.page?uuid=AA3ADCFD-0758-47FC-A069-31E95A116A3D","Mean seasonal water table depth (cm) of soils (STATSGO) within AOI ","WtDep[AOI]","Centimeters","Carlisle et al. 2009","https://link.springer.com/article/10.1007/s10661-008-0256-z","AA3ADCFD-0758-47FC-A069-31E95A116A3D","Mean Water Table Depth",
"Cat, Ws","01-19-2016","STATSGO_Set2","Natural","https://edg.epa.gov/metadata/catalog/search/resource/details.page?uuid=AA3ADCFD-0758-47FC-A069-31E95A116A3D","Mean depth (cm) to bedrock of soils (STATSGO) within AOI ","Rckdep[AOI]","Centimeters","Carlisle et al. 2009","https://link.springer.com/article/10.1007/s10661-008-0256-z","AA3ADCFD-0758-47FC-A069-31E95A116A3D","Mean Bedrock Depth",
"Cat, Ws","06-22-2016","STATSGO_Set2","Natural","https://edg.epa.gov/metadata/catalog/search/resource/details.page?uuid=AA3ADCFD-0758-47FC-A069-31E95A116A3D","Mean permeability (cm/hour) of soils (STATSGO) within AOI ","Perm[AOI]","Percent","Carlisle et al. 2009","https://link.springer.com/article/10.1007/s10661-008-0256-z","AA3ADCFD-0758-47FC-A069-31E95A116A3D","Mean Permeability",
"Cat, Ws, CatRp100, WsRp100","03-15-2016","USCensus2010","Anthropogenic","https://edg.epa.gov/metadata/catalog/search/resource/details.page?uuid=BA42DA59-6F0F-4F21-9306-CEDBD29ADE64","Mean populating density (people/square km) within AOI","PopDen[Year][AOI]","Number People / Square Kilometer","US Census","https://www.census.gov/programs-surveys/popest/data/data-sets.html","BA42DA59-6F0F-4F21-9306-CEDBD29ADE63","Mean Population Density",2010
"Cat, Ws, CatRp100, WsRp100","12-07-2015","USCensus2010","Anthropogenic","https://edg.epa.gov/metadata/catalog/search/resource/details.page?uuid=DF3DB5FE-C99A-4DA4-8339-8698B5D7D801","Mean housing unit density (housing units/square km) within AOI.","HUDen[Year][AOI]","Count/Square Kilometer","US Census","https://www.census.gov/programs-surveys/popest/data/data-sets.html","DF3DB5FE-C99A-4DA4-8339-8698B5D7D801","Mean Housing Density",2010
"Cat, Ws, CatRp100, WsRp100","08-17-2021","ImperviousSurfaces","Natural","https://edg.epa.gov/metadata/catalog/search/resource/details.page?uuid=43F2C9A2-4F0F-4603-928B-5DF138EDDB96","Mean imperviousness of anthropogenic surfaces within AOI  (NLCD)","PctImp[Year][AOI]","Percent","NLCD","https://www.mrlc.gov/data","43F2C9A2-4F0F-4603-928B-5DF138EDDB96","Mean Imperviousness","2001, 2004, 2006, 2008, 2011, 2013, 2016, 2019"
"Cat, Ws","01-02-2022","RockN","Natural","https://edg.epa.gov/metadata/catalog/search/resource/details.page?uuid=2475fce5-6deb-4121-8216-30872e63ca41","N from rock weathering (kg/ km2) within AOI","RockN[AOI]","Kilogram/Square Kilometer","Pennino et al. 2020","https://www.sciencedirect.com/science/article/pii/S0048969720311724","2475fce5-6deb-4121-8216-30872e63ca41","Nitrogen From Rock Weathering",
"Cat, Ws","03-22-2021","MTBS","Natural","https://edg.epa.gov/metadata/catalog/search/resource/details.page?uuid=bdfdd237-06ef-41c3-8024-23a385d44a6b","Mean % of AOI burned from wildfires for each year for 1984-2018","PctBurnAreaMTBS[Year][AOI]","Percent","MTBS","https://www.mtbs.gov/","bdfdd237-06ef-41c3-8024-23a385d44a6b","Wildfire Burn Percent 1984-2018",
"Cat, Ws","01-02-2022","Septic","Anthropogenic","https://edg.epa.gov/metadata/catalog/search/resource/details.page?uuid=decccf96-783c-4e0e-962c-27da23c0289b","Density of septic systems per AOI - based on 1990 Census","Septic[AOI]","Kilogram/Hectare/Year","Pennino et al. 2020","https://www.sciencedirect.com/science/article/pii/S0048969720311724","decccf96-783c-4e0e-962c-27da23c0289b","Septic System Density",
"Cat, Ws","01-02-2022","sw_flux","Anthropogenic","https://edg.epa.gov/metadata/catalog/search/resource/details.page?uuid=956964c5-b117-49b7-b469-35b90d95574a","Estimated surface water TN flux (kg N / km2) within AOI","sw_flux[AOI]","Count/Square Kilometer","Pennino et al. 2020","https://www.sciencedirect.com/science/article/pii/S0048969720311724","956964c5-b117-49b7-b469-35b90d95574a","Surface Water Nitrogen Flux",
"Cat, Ws","01-01-2022","wdrw_LD","Anthropogenic","https://edg.epa.gov/metadata/catalog/search/resource/details.page?uuid=26bfe85d-64e1-41d8-b871-79914e59f788","Total fresh surface-water withdrawals in agricultural land per AOI area (L/day)","wdrw_LD[AOI]","Kilogram/Square Kilometer","Pennino et al. 2020","https://www.sciencedirect.com/science/article/pii/S0048969720311724","26bfe85d-64e1-41d8-b871-79914e59f788","Agricultural Fresh Surface-Water Withdraw",
"Cat, Ws","10-01-2018","WetIndex","Natural","https://edg.epa.gov/metadata/rest/document?id=2717d2c3-32d3-41a5-89f5-60a8d7f04965","Mean Composite Topographic Index (CTI)[Wetness Index] within AOI","WetIndex[AOI]","Unitless","EnviroAtlas","https://enviroatlas.epa.gov/enviroatlas/DataFactSheets/pdf/Supplemental/PotentialWetlandArea.pdf","2717d2c3-32d3-41a5-89f5-60a8d7f04965","Wetness Index",
"Cat, Ws","01-01-2022","Precip_Minus_EVT","Natural","https://edg.epa.gov/metadata/catalog/search/resource/details.page?uuid=348ecacb-d9ba-491d-bcc4-3518540488f7","This dataset represents surplus precipitation (mm): precipitation minus potential evaporation described in DOI: 10.1016/j.scitotenv.2020.137661 within individual,  local NHDPlusV2 catchments and upstream, contributing watersheds.","Precip_Minus_EVT[AOI]","Kilometer/Square Kilometer","Pennino et al. 2020","https://www.sciencedirect.com/science/article/pii/S0048969720311724","348ecacb-d9ba-491d-bcc4-3518540488f7","Surplus Precipitation",
"Cat, Ws","03-22-2021","MTBS_Severity","Natural","https://edg.epa.gov/metadata/catalog/search/resource/details.page?uuid=7ffbc84f-8903-4aca-a9d4-f04e2e801595","% of AOI in each burn severity class for wildfires for each year for 1984-2018","PctHighSevMTBS[Year][AOI]","Percent","MTBS","https://www.mtbs.gov/","7ffbc84f-8903-4aca-a9d4-f04e2e801595","Percent High Burn Severity Class For Year","1984-2018"
"Cat, Ws","03-22-2021","MTBS_Severity","Natural","https://edg.epa.gov/metadata/catalog/search/resource/details.page?uuid=7ffbc84f-8903-4aca-a9d4-f04e2e801595","% of AOI in each burn severity class for wildfires for each year for 1984-2018","PctUndSev[Year][AOI]","Percent","MTBS","https://www.mtbs.gov/","7ffbc84f-8903-4aca-a9d4-f04e2e801595","Percent Underburned to Low Burn Severity Class For Year","1984-2018"
"Cat, Ws","03-22-2021","MTBS_Severity","Natural","https://edg.epa.gov/metadata/catalog/search/resource/details.page?uuid=7ffbc84f-8903-4aca-a9d4-f04e2e801595","% of AOI in each burn severity class for wildfires for each year for 1984-2018","PctNonProcMask[Year][AOI]","Percent","MTBS","https://www.mtbs.gov/","7ffbc84f-8903-4aca-a9d4-f04e2e801595","Percent Non Processing Mask Class For Year","1984-2018"
"Cat, Ws","03-22-2021","INACTIVE_MTBS_Severity","Natural","https://edg.epa.gov/metadata/catalog/search/resource/details.page?uuid=7ffbc84f-8903-4aca-a9d4-f04e2e801595","% of AOI in each burn severity class for wildfires for each year for 1984-2018","PctNoFire[Year][AOI]","Percent","MTBS","https://www.mtbs.gov/","7ffbc84f-8903-4aca-a9d4-f04e2e801595","Percent No Fire Burn Class Class For Year","1984-2018"
"Cat, Ws","03-22-2021","MTBS_Severity","Natural","https://edg.epa.gov/metadata/catalog/search/resource/details.page?uuid=7ffbc84f-8903-4aca-a9d4-f04e2e801595","% of AOI in each burn severity class for wildfires for each year for 1984-2018","PctModSevMTBS[Year][AOI]","Percent","MTBS","https://www.mtbs.gov/","7ffbc84f-8903-4aca-a9d4-f04e2e801595","Percent Moderate Burn Severity Class For Year","1984-2018"
"Cat, Ws","03-22-2021","MTBS_Severity","Natural","https://edg.epa.gov/metadata/catalog/search/resource/details.page?uuid=7ffbc84f-8903-4aca-a9d4-f04e2e801595","% of AOI in each burn severity class for wildfires for each year for 1984-2018","PctLowSevMTBS[Year][AOI]","Percent","MTBS","https://www.mtbs.gov/","7ffbc84f-8903-4aca-a9d4-f04e2e801595","Percent Low Burn Severity Class For Year","1984-2018"
"Cat, Ws","03-22-2021","MTBS_Severity","Natural","https://edg.epa.gov/metadata/catalog/search/resource/details.page?uuid=7ffbc84f-8903-4aca-a9d4-f04e2e801595","% of AOI in each burn severity class for wildfires for each year for 1984-2018","PctIncVegRespMTBS[Year][AOI]","Percent","MTBS","https://www.mtbs.gov/","7ffbc84f-8903-4aca-a9d4-f04e2e801595","Percent Increased Greenness and Veg Response Class For Year","1984-2018"
"Cat, Ws","05-22-2024","AgMidHiSlopes","Anthropogenic","https://edg.epa.gov/metadata/catalog/search/resource/details.page?uuid=65264DD6-6227-4732-8162-3E4F194C4913","% of AOI area classified as ag land cover (NLCD classes 81-82) occurring on slopes > 10%","PctAgSlpMid[Year][AOI]","Percent","NLCD","https://www.mrlc.gov/data","65264DD6-6227-4732-8162-3E4F194C4913","Percent of Agriculture of 10% Slope","2001, 2004, 2006, 2008, 2011, 2013, 2016, 2019"
"Cat, Ws","05-22-2024","AgMidHiSlopes","Anthropogenic","https://edg.epa.gov/metadata/catalog/search/resource/details.page?uuid=65264DD6-6227-4732-8162-3E4F194C4913","% of AOI area classified as ag land cover (NLCD classes 81-82) occurring on slopes > 20%","PctAgSlpHigh[Year][AOI]","Square Kilometers","NLCD","https://www.mrlc.gov/data","65264DD6-6227-4732-8162-3E4F194C4913","Percent of Agriculture of 20% Slope","2001, 2004, 2006, 2008, 2011, 2013, 2016, 2019"
"Cat, Ws","01-02-2022","WaterInput","Anthropogenic","https://edg.epa.gov/metadata/catalog/search/resource/details.page?uuid=478be3b3-3c4e-4028-94a3-5a26e9c922a8","Water Input (km2/cm): Ratio of the total area of irrigated land to precipitation within AOI","WaterInput[AOI]","Square Kilometers/Centimeter","Pennino et al. 2020","https://www.sciencedirect.com/science/article/pii/S0048969720311724","478be3b3-3c4e-4028-94a3-5a26e9c922a8","Water Input",
"Cat, Ws","01-02-2022","AgDrain","Anthropogenic","https://edg.epa.gov/metadata/catalog/search/resource/details.page?uuid=1aae5df2-b9e9-4dd1-996a-c2b08e75d806","This dataset represents % of land with agricultural drainage, described in DOI: 10.1016/j.scitotenv.2020.137661, within individual, local NHDPlusV2 catchments and upstream, contributing watersheds.","PctAgDrainage[AOI]","Unitless","Pennino et al. 2020","https://www.sciencedirect.com/science/article/pii/S0048969720311724","1aae5df2-b9e9-4dd1-996a-c2b08e75d806","Agricultural Drainage",
"Cat, Ws","01-02-2022","Nsurp_NANI","Anthropogenic","https://edg.epa.gov/metadata/catalog/search/resource/details.page?uuid=1ab197c0-2cca-4fe0-a935-fb7b6be379c7","Net Anthropogenic Nitrogen within AOI: farm fertilizer + urban fertilizer + NOx deposition + CBNF + Human and Livestock food - crop N content - livestock N content","NANI[AOI]","Kilogram/Hectare/Year","Pennino et al. 2020","https://www.sciencedirect.com/science/article/pii/S0048969720311724","1ab197c0-2cca-4fe0-a935-fb7b6be379c7","Anthropogenic Nitrogen",
"Cat, Ws","01-02-2022","Nsurp_NANI","Anthropogenic","https://edg.epa.gov/metadata/catalog/search/resource/details.page?uuid=1ab197c0-2cca-4fe0-a935-fb7b6be379c7","Nitrogen Surplus (kg N / yr) per AOI - excluding biological N Fixation","Nsurp[AOI]","Percent","Pennino et al. 2020","https://www.sciencedirect.com/science/article/pii/S0048969720311724","1ab197c0-2cca-4fe0-a935-fb7b6be379c7","Nitrogen Surplus",
"Cat, Ws","01-02-2022","WWTP","Anthropogenic","https://edg.epa.gov/metadata/catalog/search/resource/details.page?uuid=c698cf93-23ed-4854-9749-757acf3b8a82","Density (number/ km2) of all wastewater treatment plants per AOI","WWTPAllDens[AOI]","Count/Kilometer","Pennino et al. 2020","https://www.sciencedirect.com/science/article/pii/S0048969720311724","c698cf93-23ed-4854-9749-757acf3b8a82","All Wastewater Treatment Density",
"Cat, Ws","01-04-2022","WWTP","Anthropogenic","https://edg.epa.gov/metadata/catalog/search/resource/details.page?uuid=c698cf93-23ed-4854-9749-757acf3b8a82","Density (number/ km2) of minor wastewater treatment plants per AOI","WWTPMinorDens[AOI]","Count/Kilometer","Pennino et al. 2020","https://www.sciencedirect.com/science/article/pii/S0048969720311724","c698cf93-23ed-4854-9749-757acf3b8a82","Minor Wastewater Treatment Density",
"Cat, Ws","01-03-2022","WWTP","Anthropogenic","https://edg.epa.gov/metadata/catalog/search/resource/details.page?uuid=c698cf93-23ed-4854-9749-757acf3b8a82","Density (number/ km2) of major wastewater treatment plants per AOI","WWTPMajorDens[AOI]","Count/Kilometer","Pennino et al. 2020","https://www.sciencedirect.com/science/article/pii/S0048969720311724","c698cf93-23ed-4854-9749-757acf3b8a82","Major Wastewater Treatment Density",
"Other","03-21-2023","predicted_channel_widths_depths","Natural","https://edg.epa.gov/metadata/catalog/search/resource/details.page?uuid=7a44ee19-0620-4be9-b82d-e2a42943c067","Predicted wetted width: distance of the waters edge from left to right bank","WettedWidth","Meters","Doyle et al. 2023","https://doi.org/10.1111/1752-1688.13116","7a44ee19-0620-4be9-b82d-e2a42943c067","Predicted Wetted Width",
"Other","03-21-2023","predicted_channel_widths_depths","Natural","https://edg.epa.gov/metadata/catalog/search/resource/details.page?uuid=7a44ee19-0620-4be9-b82d-e2a42943c067","Predicted bankfull depth: thalweg depth plus bankfull height, which is the height from the water surface to the bankfull stage","BankfullDepth","Meters","Doyle et al. 2023","https://doi.org/10.1111/1752-1688.13116","7a44ee19-0620-4be9-b82d-e2a42943c067","Predicted Bankfull Depth",
"Other","03-21-2023","predicted_channel_widths_depths","Natural","https://edg.epa.gov/metadata/catalog/search/resource/details.page?uuid=7a44ee19-0620-4be9-b82d-e2a42943c067","Predicted bankfull width: distance from left to right bank at bankfull stage where the potential water height would spill outside of the channel and into the floodplain","BankfullWidth","Meters","Doyle et al. 2023","https://doi.org/10.1111/1752-1688.13116","7a44ee19-0620-4be9-b82d-e2a42943c067","Predicted Bankfull Width",
"Other","03-21-2023","predicted_channel_widths_depths","Natural","https://edg.epa.gov/metadata/catalog/search/resource/details.page?uuid=7a44ee19-0620-4be9-b82d-e2a42943c067","Predicted thalweg depth: deepest point in the channel cross section from the bottom substrate to the water surface","ThalwagDepth","Centimeters","Doyle et al. 2023","https://doi.org/10.1111/1752-1688.13116","7a44ee19-0620-4be9-b82d-e2a42943c067","Predicted Thalweg Depth",
"Cat, Ws","10-10-2023","PRISM_1991-2020","Natural","https://edg.epa.gov/metadata/catalog/search/resource/details.page?uuid=C1AED92E-568B-47C6-9B51-272462155A76","PRISM climate data - 30-year normal mean precipitation (mm): Annual period: 1991-2020 within the AOI","Precip9120[AOI]","Millimeters","PRISM","http://prism.oregonstate.edu","C1AED92E-568B-47C6-9B51-272462155A76","30-year Mean Annual Precipitation","1991-2020"
"Cat, Ws","10-10-2023","PRISM_1991-2020","Natural","https://edg.epa.gov/metadata/catalog/search/resource/details.page?uuid=C1AED92E-568B-47C6-9B51-272462155A76","PRISM climate data - 30-year normal minimum temperature (CÂ°): Annual period: 1991-2020 within the AOI","Tmin9120[AOI]","Celsius","PRISM","http://prism.oregonstate.edu","C1AED92E-568B-47C6-9B51-272462155A76","30-year Average Annual Normal Minimum Air Temperature","1991-2020"
"Cat, Ws","10-10-2023","PRISM_1991-2020","Natural","https://edg.epa.gov/metadata/catalog/search/resource/details.page?uuid=C1AED92E-568B-47C6-9B51-272462155A76","PRISM climate data - 30-year normal mean temperature (CÂ°): Annual period: 1991-2020 within the AOI","Tmean9120[AOI]","Celsius","PRISM","http://prism.oregonstate.edu","C1AED92E-568B-47C6-9B51-272462155A76","30-year Mean Annual Air Temperature","1991-2020"
"Cat, Ws","10-10-2023","PRISM_1991-2020","Natural","https://edg.epa.gov/metadata/catalog/search/resource/details.page?uuid=C1AED92E-568B-47C6-9B51-272462155A76","PRISM climate data - 30-year normal maximum temperature (CÂ°): Annual period: 1991-2020 within the AOI","Tmax9120[AOI]","Celsius","PRISM","http://prism.oregonstate.edu","C1AED92E-568B-47C6-9B51-272462155A76","30-year Average Annual Normal Maximum Air Temperature","1991-2020"
